,contribution_democratic_sum_2010_usd,contribution_republican_sum_2010_usd,contribution_sum_2010_usd,governor_contributions_sum_2010_usd,house_and_assembly_contributions_sum_2010_usd,senate_contributions_sum_2010_usd,us_house_contributions_sum_2010_usd,us_senate_contributions_sum_2010_usd
count,288080.0,288080.0,288080.0,288080.0,288080.0,288080.0,288080.0,288080.0
mean,5733.310332858929,6107.082928318523,11839.245615940017,1727.0343725006937,1516.238083900305,1167.1915205151345,3888.975980803944,2893.4544024923634
std,655304.3181156033,656668.3941360406,1262428.9396883238,175888.94006895216,68636.59595799539,43533.78107506798,637647.7089044742,621556.1658830389
min,0.0,0.0,0.0,0.0,0.0,0.0,0.0,0.0
25%,0.0,0.0,303.06,0.0,0.0,0.0,0.0,0.0
50%,227.54000000000002,35.010000000000005,997.845,0.0,0.0,0.0,0.0,0.0
75%,1266.3,1000.0,2780.44,296.34,269.4275,100.0,0.0,0.0
max,339524702.9,309955135.5,649479838.4,76161249.43,22299919.22,13754156.14,340523575.8,308956262.6
